asdsadsasas,213132321,claa@gmail.com,123456789
Cleyton Silva,123.456.789.01,aeroportoxns@gmai.com,123456
Cleyton Silva,123.456.789.01,asdsada@gmail.com,123456
Cleyton Silva,123.456.789.01,aeroportoxns@gmail.com,123456
Cleyton Silva,123.456.789.01,aeroportoxns@gmail.com,321
Cleyton Silva,123.456.789.01,aeroportoxns@gmail.com,132
Cleyton Silva,123.456.789.01,claa@gmail.com,231321
Cleyton Silva,123121212323,1212@gmail.com,123456
Cleyton Silva, 1231232132, asdajsk@gmail.com, 321 
Cleyton Silva, 123456789, cleyton@gmail.com, 123456 
Cleyton Silva,211231321,aeroportoxns@gmail.com,123
